[
    {
        "name": "Pig 2019",
        "ID": "pig-2019",
        "attribution": "Pig based on work by shashank singh from <a href='https://thenounproject.com'>Noun Project</a>",
        "attributionRequired": false
    },
    {
        "name": "Rat 2020",
        "ID": "rat-2020",
        "attribution": "Rat based on work by Jooyun Lee from <a href='https://thenounproject.com'>Noun Project</a>",
        "attributionRequired": false
    },
    {
        "name": "Ox 2021",
        "ID": "ox-2021",
        "attribution": "Ox based on work by Kevin from <a href='https://thenounproject.com'>Noun Project</a>",
        "attributionRequired": false
    },
    {
        "name": "Tiger 2022",
        "ID": "tiger-2022",
        "attribution": "Tiger based on work by Telemachos from <a href='https://openclipart.org'>Openclipart</a>",
        "attributionRequired": false
    },
    {
        "name": "Rabbit 2023",
        "ID": "rabbit-2023",
        "attribution": "Rabbit based on work by Siddymcbill from <a href='https://openclipart.org'>Openclipart</a>",
        "attributionRequired": false
    },
    {
        "name": "Dragon 2024",
        "ID": "dragon-2024",
        "attribution": "Dragon based on work by Piotr Siedlecki from PublicDomainPictures.net",
        "attributionRequired": false
    },
    {
        "name": "Snake 2025",
        "ID": "snake-2025",
        "attribution": "Snake based on work Sergey Demushkin from <a href='https://thenounproject.com'>Noun Project</a>",
        "attributionRequired": false
    },
    {
        "name": "Horse 2026",
        "ID": "horse-2026",
        "attribution": "Horse based on work by Rutmer Zijlstra from <a href='https://thenounproject.com'>Noun Project</a>",
        "attributionRequired": false
    },
    {
        "name": "Goat 2027",
        "ID": "goat-2027",
        "attribution": "Goat based on work by buggywindows from Openclipart.org",
        "attributionRequired": false
    },
    {
        "name": "Monkey 2028",
        "ID": "monkey-2028",
        "attribution": "Monkey based on work by Harold Weaver from <a href='https://thenounproject.com'>Noun Project</a>",
        "attributionRequired": false
    },
    {
        "name": "Rooster 2029",
        "ID": "rooster-2029",
        "attribution": "Rooster based on work by Wahyuntitle from <a href='https://thenounproject.com'>Noun Project</a>",
        "attributionRequired": false
    },
    {
        "name": "Dog 2030",
        "ID": "dog-2030",
        "attribution": "Dog based on work by Bart Laubsch from <a href='https://thenounproject.com'>Noun Project</a>",
        "attributionRequired": false
    },
    {
        "name": "Firework 2023",
        "ID": "firework-2023",
        "attribution": "Firework based on work by Yosua Bungaran from <a href='https://thenounproject.com'>Noun Project</a>",
        "attributionRequired": false
    }
]