{
	"appId": "com.mahjong4friends.twa",
	"appName": "Mahjong 4 Friends",
	"npmClient": "npm",
	"zoomEnabled": true,
	"webDir": "capacitorDist",
	"plugins": {
		"SplashScreen": {
			"launchShowDuration": 2000
		},
		"FirebaseAuthentication": {
			"skipNativeAuth": false,
			"providers": [
				"google.com",
				"apple.com"
			]
		},
		"EdgeToEdge": {
			"backgroundColor": "#000000"
		}
	},
	"server": {
		"androidScheme": "https"
	},
	"android": {
		"webContentsDebuggingEnabled": true
	},
	"ios": {
		"webContentsDebuggingEnabled": true
	},
	"cordova": {},
	"packageClassList": [
		"AdMobPlugin",
		"InAppReviewPlugin",
		"TextToSpeechPlugin",
		"FirebaseAnalyticsPlugin",
		"FirebaseAuthenticationPlugin",
		"FirebaseRemoteConfigPlugin",
		"AppPlugin",
		"FilesystemPlugin",
		"SharePlugin",
		"SplashScreenPlugin",
		"StatusBarPlugin",
		"AppUpdatePlugin",
		"PurchasesPlugin",
		"InstallerInfoPluginPlugin",
		"CDVPlugin"
	]
}
