{
    "flower": {
		"1": "flower/1.png",
		"2": "flower/2.png",
		"3": "flower/3.png",
		"4": "flower/4.png"
	},
	"season": {
		"1": "season/1.png",
		"2": "season/2.png",
		"3": "season/3.png",
		"4": "season/4.png"
	},
	"dragon": {
		"red": "dragon/red.png",
		"green": "dragon/green.svg",
		"white": "dragon/fancy-white.svg",
		"any": "dragon/any.svg"
	},
	"circle": {
		"1": "circle/1.png",
		"2": "circle/2.png",
		"3": "circle/3.png",
		"4": "circle/4.png",
		"5": "circle/5.png",
		"6": "circle/6.png",
		"7": "circle/7.png",
		"8": "circle/8.png",
		"9": "circle/9.png",
		"any": "circle/any.svg"
	},
	"bamboo": {
		"1": "bamboo/1.png",
		"2": "bamboo/2.png",
		"3": "bamboo/3.png",
		"4": "bamboo/4.png",
		"5": "bamboo/5.png",
		"6": "bamboo/6.png",
		"7": "bamboo/7.png",
		"8": "bamboo/8.png",
		"9": "bamboo/9.png",
		"any": "bamboo/any.svg"
	},
	"character": {
		"1": "character/1.png",
		"2": "character/2.png",
		"3": "character/3.png",
		"4": "character/4.png",
		"5": "character/5.png",
		"6": "character/6.png",
		"7": "character/7.png",
		"8": "character/8.png",
		"9": "character/9.png",
		"any": "character/any.svg"
	},
	"wind": {
		"north": "wind/north.png",
		"south": "wind/south.png",
		"east": "wind/east.png",
		"west": "wind/west.png",
		"any": "wind/any.svg"
	},
	"any": {
		"any": "any/any.svg",
		"1": "any/1.svg",
		"2": "any/2.svg",
		"3": "any/3.svg",
		"4": "any/4.svg",
		"5": "any/5.svg",
		"6": "any/6.svg",
		"7": "any/7.svg",
		"8": "any/8.svg",
		"9": "any/9.svg"
	},
	"joker": {
		"": "joker.svg"
	}
}