{
    "flower": {
		"1": "flower/1.png",
		"2": "flower/2.png",
		"3": "flower/3.png",
		"4": "flower/4.png"
	},
	"season": {
		"1": "season/1.png",
		"2": "season/2.png",
		"3": "season/3.png",
		"4": "season/4.png"
	},
	"dragon": {
		"red": "dragon/red.png",
		"green": "dragon/green.svg",
		"white": "dragon/fancy-white.svg",
		"any": "dragon/any.svg"
	},
	"circle": {
		"1": "circle/unlabeled/1.png",
		"2": "circle/unlabeled/2.png",
		"3": "circle/unlabeled/3.png",
		"4": "circle/unlabeled/4.png",
		"5": "circle/unlabeled/5.png",
		"6": "circle/unlabeled/6.png",
		"7": "circle/unlabeled/7.png",
		"8": "circle/unlabeled/8.png",
		"9": "circle/unlabeled/9.png",
		"any": "circle/any.svg"
	},
	"bamboo": {
		"1": "bamboo/unlabeled/1.png",
		"2": "bamboo/unlabeled/2.png",
		"3": "bamboo/unlabeled/3.png",
		"4": "bamboo/unlabeled/4.png",
		"5": "bamboo/unlabeled/5.png",
		"6": "bamboo/unlabeled/6.png",
		"7": "bamboo/unlabeled/7.png",
		"8": "bamboo/unlabeled/8.png",
		"9": "bamboo/unlabeled/9.png",
		"any": "bamboo/any.svg"
	},
	"character": {
		"1": "character/unlabeled/1.png",
		"2": "character/unlabeled/2.png",
		"3": "character/unlabeled/3.png",
		"4": "character/unlabeled/4.png",
		"5": "character/unlabeled/5.png",
		"6": "character/unlabeled/6.png",
		"7": "character/unlabeled/7.png",
		"8": "character/unlabeled/8.png",
		"9": "character/unlabeled/9.png",
		"any": "character/any.svg"
	},
	"wind": {
		"north": "wind/unlabeled/north.png",
		"south": "wind/unlabeled/south.png",
		"east": "wind/unlabeled/east.png",
		"west": "wind/unlabeled/west.png",
		"any": "wind/any.svg"
	},
	"any": {
		"any": "any/any.svg",
		"1": "any/1.svg",
		"2": "any/2.svg",
		"3": "any/3.svg",
		"4": "any/4.svg",
		"5": "any/5.svg",
		"6": "any/6.svg",
		"7": "any/7.svg",
		"8": "any/8.svg",
		"9": "any/9.svg"
	},
	"joker": {
		"": "joker.svg"
	}
}